{"form":{"id":"8btnQ7","name":"Wishlist","handle":"wishlist-1","theme_id":"128626032859","settings":{"locales":{"back":"Back","next":"Next","cancel":"Cancel","edit_link":"Edit account","fix_errors":"Please fix errors before continuing","is_invalid":"{{label}} is invalid","email_taken":"Email has already been taken","phone_taken":"Phone number has already been taken","server_error":"Could not save form, please try again later","step_counter":"Step {{current}} of {{total}}","verify_email":"Check your email for a verification link to activate your account.","not_available":"An error occurred while saving your account, please try again in a few minutes.","create_account":"Join Waitlist","update_account":"Update account","recaptcha_error":"Challenge verification failed, please try again","creating_account":"Join Waitlist","updating_account":"Updating account...","reset_password_link":"Reset your password","invalid_email_domain":"Email contains an invalid domain name","reset_password_email_sent":"Check your inbox for a link to reset your password.","reset_password_too_many_attempts":"You tried to reset your password too many times. Please wait and try again later."},"customCSS":".cf-country-picker {\n    text-align: left;\n}","whitelistedTags":"","markRequiredFields":true,"displayCancelButton":false,"goBackAfterSubmission":false,"cancelButtonRedirectUrl":"\/account\/login","postSubmissionRedirectUrl":"\/","goBackAfterCancelButtonClick":false},"install_locations":["manual"],"created_at":"2021-11-10T09:25:43Z","updated_at":"2021-11-11T10:25:08Z","revision_ids":["4aTRa3K","vbT0R12","RxTolPy","7kTpkn7","LbToBb4","58T789a","d7Tq6AX","2ETzEXe","K0Tgx1d","yzTgN7L","kdT51KZ","GYT5Yop","l5Tp4KV","orTY0rp","4aTRaXD","RxTolZv"]},"revision":{"id":"4aTRa3K","created_at":"2021-11-11T11:26:36Z","updated_at":"2021-11-11T11:26:36Z","embed_version":"4.8.1","published_at":null,"fields":[{"id":152358,"dataColumn":{"key":"first_name","label":"First name","dataType":"text"},"parentId":null,"position":0,"type":"text","stepId":214329,"default":"","label":"Name","placeholder":"Name","description":null,"enum":null,"appearance":{"width":12},"settings":{},"validations":[{"operator":"not_blank","comparand":"","errorMessage":"Must not be blank","metadata":{"hiddenInApp":true}}],"sensitive":null,"preset":"first_name","autotag":null},{"id":186710,"dataColumn":{"key":"email","label":"Email address","dataType":"email"},"parentId":null,"position":1,"type":"email","stepId":214329,"default":"","label":"Email address","placeholder":"Email address","description":null,"enum":null,"appearance":{"width":12},"settings":{},"validations":[{"operator":"is_valid_email","comparand":null,"errorMessage":"Please provide a valid email address"},{"operator":"not_blank","comparand":"","errorMessage":"Must not be blank","metadata":{"hiddenInApp":true}}],"sensitive":null,"preset":"email_address","autotag":null},{"id":153651,"dataColumn":{"key":"gender","label":"Gender","dataType":"text"},"parentId":null,"position":2,"type":"dropdown","stepId":214329,"default":"","label":"Gender","placeholder":"Gender","description":"","enum":[{"value":"Male","label":"Male"},{"value":"Female","label":"Female"}],"appearance":{"width":6},"settings":{"end":10,"start":1,"enumType":"list","separateValues":false},"validations":[],"sensitive":null,"preset":null,"autotag":null},{"id":126132,"dataColumn":{"key":"phone","label":"Phone number","dataType":"phone"},"parentId":null,"position":3,"type":"phone","stepId":214329,"default":"","label":"Phone number","placeholder":"Phone number","description":"","enum":[],"appearance":{"width":6},"settings":{"defaultCountryCode":"IN"},"validations":[{"operator":"is_valid","comparand":null,"errorMessage":"Please provide a valid phone number"}],"sensitive":null,"preset":"phone_number","autotag":null},{"id":193191,"dataColumn":{"key":"country","label":"Country","dataType":"text"},"parentId":null,"position":4,"type":"dropdown_search","stepId":214329,"default":"","label":"Country","placeholder":"Select Country","description":"","enum":[{"value":"Afghanistan","label":"Afghanistan"},{"value":"Aland Islands","label":"Aland Islands"},{"value":"Albania","label":"Albania"},{"value":"Algeria","label":"Algeria"},{"value":"Andorra","label":"Andorra"},{"value":"Angola","label":"Angola"},{"value":"Anguilla","label":"Anguilla"},{"value":"Antigua And Barbuda","label":"Antigua And Barbuda"},{"value":"Argentina","label":"Argentina"},{"value":"Armenia","label":"Armenia"},{"value":"Aruba","label":"Aruba"},{"value":"Australia","label":"Australia"},{"value":"Austria","label":"Austria"},{"value":"Azerbaijan","label":"Azerbaijan"},{"value":"Bahamas","label":"Bahamas"},{"value":"Bahrain","label":"Bahrain"},{"value":"Bangladesh","label":"Bangladesh"},{"value":"Barbados","label":"Barbados"},{"value":"Belarus","label":"Belarus"},{"value":"Belgium","label":"Belgium"},{"value":"Belize","label":"Belize"},{"value":"Benin","label":"Benin"},{"value":"Bermuda","label":"Bermuda"},{"value":"Bhutan","label":"Bhutan"},{"value":"Bolivia","label":"Bolivia"},{"value":"Bosnia And Herzegovina","label":"Bosnia And Herzegovina"},{"value":"Botswana","label":"Botswana"},{"value":"Bouvet Island","label":"Bouvet Island"},{"value":"Brazil","label":"Brazil"},{"value":"British Indian Ocean Territory","label":"British Indian Ocean Territory"},{"value":"Brunei","label":"Brunei"},{"value":"Bulgaria","label":"Bulgaria"},{"value":"Burkina Faso","label":"Burkina Faso"},{"value":"Burundi","label":"Burundi"},{"value":"Cambodia","label":"Cambodia"},{"value":"Canada","label":"Canada"},{"value":"Cape Verde","label":"Cape Verde"},{"value":"Caribbean Netherlands","label":"Caribbean Netherlands"},{"value":"Cayman Islands","label":"Cayman Islands"},{"value":"Central African Republic","label":"Central African Republic"},{"value":"Chad","label":"Chad"},{"value":"Chile","label":"Chile"},{"value":"China","label":"China"},{"value":"Christmas Island","label":"Christmas Island"},{"value":"Cocos (Keeling) Islands","label":"Cocos (Keeling) Islands"},{"value":"Colombia","label":"Colombia"},{"value":"Comoros","label":"Comoros"},{"value":"Congo","label":"Congo"},{"value":"Congo, The Democratic Republic Of The","label":"Congo, The Democratic Republic Of The"},{"value":"Cook Islands","label":"Cook Islands"},{"value":"Costa Rica","label":"Costa Rica"},{"value":"Croatia","label":"Croatia"},{"value":"Cuba","label":"Cuba"},{"value":"Curaçao","label":"Curaçao"},{"value":"Cyprus","label":"Cyprus"},{"value":"Czech Republic","label":"Czech Republic"},{"value":"Côte d'Ivoire","label":"Côte d'Ivoire"},{"value":"Denmark","label":"Denmark"},{"value":"Djibouti","label":"Djibouti"},{"value":"Dominica","label":"Dominica"},{"value":"Dominican Republic","label":"Dominican Republic"},{"value":"Ecuador","label":"Ecuador"},{"value":"Egypt","label":"Egypt"},{"value":"El Salvador","label":"El Salvador"},{"value":"Equatorial Guinea","label":"Equatorial Guinea"},{"value":"Eritrea","label":"Eritrea"},{"value":"Estonia","label":"Estonia"},{"value":"Eswatini","label":"Eswatini"},{"value":"Ethiopia","label":"Ethiopia"},{"value":"Falkland Islands (Malvinas)","label":"Falkland Islands (Malvinas)"},{"value":"Faroe Islands","label":"Faroe Islands"},{"value":"Fiji","label":"Fiji"},{"value":"Finland","label":"Finland"},{"value":"France","label":"France"},{"value":"French Guiana","label":"French Guiana"},{"value":"French Polynesia","label":"French Polynesia"},{"value":"French Southern Territories","label":"French Southern Territories"},{"value":"Gabon","label":"Gabon"},{"value":"Gambia","label":"Gambia"},{"value":"Georgia","label":"Georgia"},{"value":"Germany","label":"Germany"},{"value":"Ghana","label":"Ghana"},{"value":"Gibraltar","label":"Gibraltar"},{"value":"Greece","label":"Greece"},{"value":"Greenland","label":"Greenland"},{"value":"Grenada","label":"Grenada"},{"value":"Guadeloupe","label":"Guadeloupe"},{"value":"Guatemala","label":"Guatemala"},{"value":"Guernsey","label":"Guernsey"},{"value":"Guinea","label":"Guinea"},{"value":"Guinea Bissau","label":"Guinea Bissau"},{"value":"Guyana","label":"Guyana"},{"value":"Haiti","label":"Haiti"},{"value":"Heard Island And Mcdonald Islands","label":"Heard Island And Mcdonald Islands"},{"value":"Holy See (Vatican City State)","label":"Holy See (Vatican City State)"},{"value":"Honduras","label":"Honduras"},{"value":"Hong Kong","label":"Hong Kong"},{"value":"Hungary","label":"Hungary"},{"value":"Iceland","label":"Iceland"},{"value":"India","label":"India"},{"value":"Indonesia","label":"Indonesia"},{"value":"Iran, Islamic Republic Of","label":"Iran, Islamic Republic Of"},{"value":"Iraq","label":"Iraq"},{"value":"Ireland","label":"Ireland"},{"value":"Isle Of Man","label":"Isle Of Man"},{"value":"Israel","label":"Israel"},{"value":"Italy","label":"Italy"},{"value":"Jamaica","label":"Jamaica"},{"value":"Japan","label":"Japan"},{"value":"Jersey","label":"Jersey"},{"value":"Jordan","label":"Jordan"},{"value":"Kazakhstan","label":"Kazakhstan"},{"value":"Kenya","label":"Kenya"},{"value":"Kiribati","label":"Kiribati"},{"value":"Korea, Democratic People's Republic Of","label":"Korea, Democratic People's Republic Of"},{"value":"Kosovo","label":"Kosovo"},{"value":"Kuwait","label":"Kuwait"},{"value":"Kyrgyzstan","label":"Kyrgyzstan"},{"value":"Lao People's Democratic Republic","label":"Lao People's Democratic Republic"},{"value":"Latvia","label":"Latvia"},{"value":"Lebanon","label":"Lebanon"},{"value":"Lesotho","label":"Lesotho"},{"value":"Liberia","label":"Liberia"},{"value":"Libyan Arab Jamahiriya","label":"Libyan Arab Jamahiriya"},{"value":"Liechtenstein","label":"Liechtenstein"},{"value":"Lithuania","label":"Lithuania"},{"value":"Luxembourg","label":"Luxembourg"},{"value":"Macao","label":"Macao"},{"value":"Madagascar","label":"Madagascar"},{"value":"Malawi","label":"Malawi"},{"value":"Malaysia","label":"Malaysia"},{"value":"Maldives","label":"Maldives"},{"value":"Mali","label":"Mali"},{"value":"Malta","label":"Malta"},{"value":"Martinique","label":"Martinique"},{"value":"Mauritania","label":"Mauritania"},{"value":"Mauritius","label":"Mauritius"},{"value":"Mayotte","label":"Mayotte"},{"value":"Mexico","label":"Mexico"},{"value":"Moldova, Republic of","label":"Moldova, Republic of"},{"value":"Monaco","label":"Monaco"},{"value":"Mongolia","label":"Mongolia"},{"value":"Montenegro","label":"Montenegro"},{"value":"Montserrat","label":"Montserrat"},{"value":"Morocco","label":"Morocco"},{"value":"Mozambique","label":"Mozambique"},{"value":"Myanmar","label":"Myanmar"},{"value":"Namibia","label":"Namibia"},{"value":"Nauru","label":"Nauru"},{"value":"Nepal","label":"Nepal"},{"value":"Netherlands","label":"Netherlands"},{"value":"Netherlands Antilles","label":"Netherlands Antilles"},{"value":"New Caledonia","label":"New Caledonia"},{"value":"New Zealand","label":"New Zealand"},{"value":"Nicaragua","label":"Nicaragua"},{"value":"Niger","label":"Niger"},{"value":"Nigeria","label":"Nigeria"},{"value":"Niue","label":"Niue"},{"value":"Norfolk Island","label":"Norfolk Island"},{"value":"North Macedonia","label":"North Macedonia"},{"value":"Norway","label":"Norway"},{"value":"Oman","label":"Oman"},{"value":"Pakistan","label":"Pakistan"},{"value":"Palestinian Territory, Occupied","label":"Palestinian Territory, Occupied"},{"value":"Panama","label":"Panama"},{"value":"Papua New Guinea","label":"Papua New Guinea"},{"value":"Paraguay","label":"Paraguay"},{"value":"Peru","label":"Peru"},{"value":"Philippines","label":"Philippines"},{"value":"Pitcairn","label":"Pitcairn"},{"value":"Poland","label":"Poland"},{"value":"Portugal","label":"Portugal"},{"value":"Qatar","label":"Qatar"},{"value":"Republic of Cameroon","label":"Republic of Cameroon"},{"value":"Reunion","label":"Reunion"},{"value":"Romania","label":"Romania"},{"value":"Russia","label":"Russia"},{"value":"Rwanda","label":"Rwanda"},{"value":"Saint Barthélemy","label":"Saint Barthélemy"},{"value":"Saint Helena","label":"Saint Helena"},{"value":"Saint Kitts And Nevis","label":"Saint Kitts And Nevis"},{"value":"Saint Lucia","label":"Saint Lucia"},{"value":"Saint Martin","label":"Saint Martin"},{"value":"Saint Pierre And Miquelon","label":"Saint Pierre And Miquelon"},{"value":"Samoa","label":"Samoa"},{"value":"San Marino","label":"San Marino"},{"value":"Sao Tome And Principe","label":"Sao Tome And Principe"},{"value":"Saudi Arabia","label":"Saudi Arabia"},{"value":"Senegal","label":"Senegal"},{"value":"Serbia","label":"Serbia"},{"value":"Seychelles","label":"Seychelles"},{"value":"Sierra Leone","label":"Sierra Leone"},{"value":"Singapore","label":"Singapore"},{"value":"Sint Maarten","label":"Sint Maarten"},{"value":"Slovakia","label":"Slovakia"},{"value":"Slovenia","label":"Slovenia"},{"value":"Solomon Islands","label":"Solomon Islands"},{"value":"Somalia","label":"Somalia"},{"value":"South Africa","label":"South Africa"},{"value":"South Georgia And The South Sandwich Islands","label":"South Georgia And The South Sandwich Islands"},{"value":"South Korea","label":"South Korea"},{"value":"South Sudan","label":"South Sudan"},{"value":"Spain","label":"Spain"},{"value":"Sri Lanka","label":"Sri Lanka"},{"value":"St. Vincent","label":"St. Vincent"},{"value":"Sudan","label":"Sudan"},{"value":"Suriname","label":"Suriname"},{"value":"Svalbard And Jan Mayen","label":"Svalbard And Jan Mayen"},{"value":"Sweden","label":"Sweden"},{"value":"Switzerland","label":"Switzerland"},{"value":"Syria","label":"Syria"},{"value":"Taiwan","label":"Taiwan"},{"value":"Tajikistan","label":"Tajikistan"},{"value":"Tanzania, United Republic Of","label":"Tanzania, United Republic Of"},{"value":"Thailand","label":"Thailand"},{"value":"Timor Leste","label":"Timor Leste"},{"value":"Togo","label":"Togo"},{"value":"Tokelau","label":"Tokelau"},{"value":"Tonga","label":"Tonga"},{"value":"Trinidad and Tobago","label":"Trinidad and Tobago"},{"value":"Tunisia","label":"Tunisia"},{"value":"Turkey","label":"Turkey"},{"value":"Turkmenistan","label":"Turkmenistan"},{"value":"Turks and Caicos Islands","label":"Turks and Caicos Islands"},{"value":"Tuvalu","label":"Tuvalu"},{"value":"Uganda","label":"Uganda"},{"value":"Ukraine","label":"Ukraine"},{"value":"United Arab Emirates","label":"United Arab Emirates"},{"value":"United Kingdom","label":"United Kingdom"},{"value":"United States","label":"United States"},{"value":"United States Minor Outlying Islands","label":"United States Minor Outlying Islands"},{"value":"Uruguay","label":"Uruguay"},{"value":"Uzbekistan","label":"Uzbekistan"},{"value":"Vanuatu","label":"Vanuatu"},{"value":"Venezuela","label":"Venezuela"},{"value":"Vietnam","label":"Vietnam"},{"value":"Virgin Islands, British","label":"Virgin Islands, British"},{"value":"Wallis And Futuna","label":"Wallis And Futuna"},{"value":"Western Sahara","label":"Western Sahara"},{"value":"Yemen","label":"Yemen"},{"value":"Zambia","label":"Zambia"},{"value":"Zimbabwe","label":"Zimbabwe"}],"appearance":{"width":12},"settings":{"end":10,"start":1,"enumType":"list","separateValues":false,"noMatchesMessage":"No options found, try a different search","optionMatchPreference":"loose","sheetOptionsFoundMessage":"Showing {{ count }} of {{ total }}, search to refine results."},"validations":[{"operator":"not_blank","comparand":"","errorMessage":"Must not be blank","metadata":{"hiddenInApp":true}}],"sensitive":null,"preset":null,"autotag":null},{"id":114743,"dataColumn":{"key":"city","label":"City","dataType":"text"},"parentId":null,"position":5,"type":"text","stepId":214329,"default":"","label":"City","placeholder":"City","description":"","enum":[],"appearance":{"width":12},"settings":{},"validations":[{"operator":"not_blank","comparand":"","errorMessage":"Must not be blank","metadata":{"hiddenInApp":true}}],"sensitive":null,"preset":null,"autotag":null},{"id":167843,"dataColumn":{"key":"how_do_you_get_your_roti_f","label":"How do you get your roti fix now?","dataType":"text"},"parentId":null,"position":6,"type":"dropdown","stepId":214329,"default":"","label":"How do you get your roti fix now?","placeholder":"How do you get your roti fix now?","description":"","enum":[{"value":"I make them myself","label":"I make them myself"},{"value":"My mom\/wife makes them","label":"My mom\/wife makes them"},{"value":"My helper makes them","label":"My helper makes them"},{"value":"I buy them at the supermarket ready made","label":"I buy them at the supermarket ready made"}],"appearance":{"width":12},"settings":{"end":10,"start":1,"enumType":"list","separateValues":false},"validations":[],"sensitive":null,"preset":null,"autotag":null},{"id":189951,"dataColumn":{"key":"new_multiline_text_field","label":"New multi-line text field","dataType":"text"},"parentId":null,"position":7,"type":"textarea","stepId":214329,"default":"","label":"New multi-line text field","placeholder":"You want a Rotimatic because…","description":"","enum":[],"appearance":{"width":12},"settings":{"rows":5,"hideLabel":true},"validations":[],"sensitive":null,"preset":null,"autotag":null}],"steps":[{"id":214329,"title":"Step 1","description":""}],"rules":[]}}