{"current":{"type_header_font":"poppins_n6","type_base_font":"roboto_n4","social_facebook_link":"https:\/\/facebook.com\/rotimatic\/","social_instagram_link":"https:\/\/www.instagram.com\/rotimatic\/","social_youtube_link":"https:\/\/www.youtube.com\/channel\/UCs-_4XeDBYYz506uu77E7VA","favicon":"shopify:\/\/shop_images\/favicon_256x256_crop_center_1.png","flour_data":"Aashirvaad Atta with Multi Grains|Aarshirvaad Multi-G,Aashirvaad Select Whole Wheat Atta|Aashirvaad Select,Aashirvaad Whole Wheat Atta|Aashirvaad,Pillsbury Atta with Multi Grains|Pillsbury Multi-G,Pillsbury Chaki Whole Wheat Atta|Pillsbury,Pillsbury Gold Whole Wheat Atta|Pillsbury Gold,Sujata Chaki Whole Wheat Atta|Sujata,Sujata Gold Whole Wheat Atta|Sujata Gold,Al Baker Chapatti|Al Baker Chapatti,Al Baker Gold|Al Baker Gold,Al Baker Fresh|Al Baker Fresh","flour_alternative_data":"24Mantra Organic MultiGrain Atta|Pillsbury Multi-G,Arrowhead Mills Organic Spelt Flour|Pillsbury Multi-G,Augason Farms Hard Red Wheat Flour|Aarshirvaad Multi-G,Baker's Roses Enriched Flour|Pillsbury,Berlin Natural Bakery Unbleached White Spelt Flour|Pillsbury,Deep Chakki Whole Wheat Atta|Aarshirvaad Multi-G,Deep Chapatti Flour (Dhrum Atta)|Pillsbury,Nature's Supplement 100% Organic Biologique Spelt|Al Baker Fresh,Nirav Durum Atta|Pillsbury Gold,One Degree Organic Sprouted Spelt|Aarshirvaad Multi-G,Organic Larder Organic Whole Grain Spelt|Pillsbury Multi-G,QFM (Qatar Flour Mills) Chakki Atta|Pillsbury,QFM (Qatar Flour Mills) Chappati|Pillsbury,QFM (Qatar Flour Mills) Whole Wheat|Pillsbury,Royal Gold Chakki Fresh Atta Whole Wheat|Pillsbury Multi-G,Sanjeevani Organics Organic Tandoori|Aarshirvaad Multi-G,Suraj Durum Atta|Pillsbury,Swad Bhalia Chapatti|Aarshirvaad Multi-G,Swad Sharbati Gold Whole Wheat|Aarshirvaad Multi-G,Swad Whole Wheat Atta|Aarshirvaad Multi-G,Swadi Homemade Chakki Fresh Atta Medium|Aarshirvaad Multi-G","sections":{"header":{"type":"header","settings":{"align_logo":"left","logoSvg":"logo.svg","logo_max_width":160,"main_linklist":"main-menu","show_currency_selector":true,"message":false,"home_page_only":true,"message_text":"Announce something here","message_link":"","color_bg":"#3a3a3a","color_text":"#ffffff"}},"hero-1":{"type":"hero","settings":{"image":"shopify:\/\/shop_images\/videobanner.png","alignment":"center","hero_layout":"full_width","hero_size":"large","text_size":"large","title":"Effortless rotis in 90 seconds","text":"<p><em>“The world's most popular food robot”<\/em> –The Spoon<\/p>","button_label":"How it works","button_link":"https:\/\/www.youtube.com\/embed\/1Ds9v_XNdH8?autoplay=1","button_popup":true}},"feature-row":{"type":"feature-row","disabled":true,"settings":{"layout":"left","title":"Image with text","text":"<p>Pair large text with an image to give focus to your chosen product, collection, or blog post. Add details on availability, style, or even provide a review.<\/p>","button_label":"","button_link":""}},"feature-columns":{"type":"feature-columns","disabled":true,"blocks":{"feature-columns-0":{"type":"text_block","settings":{"enable_image":true,"title":"Add a title or tagline","text":"<p>Share blog posts, products, or promotions with your customers. Use this text to describe products, share details on availability and style, or as a space to display recent reviews or FAQs.<\/p>","button_label":"","button_link":""}},"feature-columns-1":{"type":"text_block","settings":{"enable_image":true,"title":"Add a title or tagline","text":"<p>Share blog posts, products, or promotions with your customers. Use this text to describe products, share details on availability and style, or as a space to display recent reviews or FAQs.<\/p>","button_label":"","button_link":""}},"feature-columns-2":{"type":"text_block","settings":{"enable_image":true,"title":"Add a title or tagline","text":"<p>Share blog posts, products, or promotions with your customers. Use this text to describe products, share details on availability and style, or as a space to display recent reviews or FAQs.<\/p>","button_label":"","button_link":""}}},"block_order":["feature-columns-0","feature-columns-1","feature-columns-2"],"settings":{"onViewLoad":true,"title":"","text":"<p>Rotimatic is the world's first fully integrated solution that measure, mixes, kneads, flattens, cooks, puffs and delight. All in one!<\/p>","align_text":"left"}},"collection":{"type":"collection","disabled":true,"settings":{"title":"Featured collection","collection":"","grid":4,"rows":2,"show_vendor":false,"show_view_all":false}},"quotes":{"type":"quotes","disabled":true,"blocks":{"quotes-0":{"type":"quote","settings":{"quote":"<p>Add customer reviews and testimonials to showcase your store’s happy customers.<\/p>","author":"Author's name"}},"quotes-1":{"type":"quote","settings":{"quote":"<p>Add customer reviews and testimonials to showcase your store’s happy customers.<\/p>","author":"Author's name"}},"quotes-2":{"type":"quote","settings":{"quote":"<p>Add customer reviews and testimonials to showcase your store’s happy customers.<\/p>","author":"Author's name"}}},"block_order":["quotes-0","quotes-1","quotes-2"],"settings":{"title":""}},"image-bar":{"type":"image-bar","disabled":true,"blocks":{"image-bar-0":{"type":"image","settings":{"alignment":"center","link":"","cta_label":""}},"image-bar-1":{"type":"image","settings":{"alignment":"center","link":"","cta_label":""}},"image-bar-2":{"type":"image","settings":{"alignment":"center","link":"","cta_label":""}}},"block_order":["image-bar-0","image-bar-1","image-bar-2"],"settings":{"section_height":"medium"}},"footer":{"type":"footer","blocks":{"footer-0":{"type":"link_list","settings":{"title":"Zimplistic","menu":"zimplistic"}},"fce7988c-3975-4a5d-b839-19292720003c":{"type":"link_list","settings":{"title":"Rotimatic","menu":"rotimatic"}},"32ae6e37-49c0-4795-a0a3-574198eea747":{"type":"link_list","settings":{"title":"Owners","menu":"owners"}},"1b8c92b7-b4ca-43e9-aced-230b0a6bfe67":{"type":"social","settings":{"title":"Follow us"}}},"block_order":["footer-0","fce7988c-3975-4a5d-b839-19292720003c","32ae6e37-49c0-4795-a0a3-574198eea747","1b8c92b7-b4ca-43e9-aced-230b0a6bfe67"],"settings":{"show_payment_icons":false,"color_footer_bg":"#222222","color_footer_text":"#827f7f","show_locale_selector":true,"show_currency_selector":false,"footer_bottom":""}},"annoucement":{"type":"annoucement","settings":{"showHideSec":true,"title":"Rotimatic now available with easy monthly instalments!","link":"","closeBtn_showHide":true,"bgColor":"#f46a14","page_404":true,"page_article":true,"page_blog":true,"page_cart":true,"page_collection":true,"page_index":true,"page_product":true,"page_search":true}},"sidebar-product":{"type":"sidebar-product","blocks":{"ce94975d-26c6-4e31-9fc7-51dd777ab055":{"type":"bullets","settings":{"image":"shopify:\/\/shop_images\/homeSideBar_01.png","title":"12 months warranty"}},"b1acb36e-15eb-479e-9595-f6ec9889e7e5":{"type":"bullets","settings":{"image":"shopify:\/\/shop_images\/homeSideBar_02.png","title":"Remote troubleshooting & Service at your doorstep"}},"71fe4610-6eaf-4319-82c2-c4a2d7861a10":{"type":"bullets","settings":{"image":"shopify:\/\/shop_images\/homeSideBar_03.png","title":"Free unlimited software upgrades"}},"fcc2f1bf-0a3e-4efa-b660-f9a0aa8df5a8":{"type":"bullets","settings":{"image":"shopify:\/\/shop_images\/homeSideBar_04.png","title":"Up to 4 months affordable Installment Plans Available"}}},"block_order":["ce94975d-26c6-4e31-9fc7-51dd777ab055","b1acb36e-15eb-479e-9595-f6ec9889e7e5","71fe4610-6eaf-4319-82c2-c4a2d7861a10","fcc2f1bf-0a3e-4efa-b660-f9a0aa8df5a8"],"settings":{"featured_product":"rotimatic-au","btnContent":"Get yours today","btnLink":"\/products\/rotimatic","imgSize":225}},"1625650414e43a285d":{"type":"three-block","blocks":{"30c735f8-0804-4ac1-9abc-b13d24844d44":{"type":"three_block","settings":{"image":"shopify:\/\/shop_images\/Family_256x256_crop_center_1.jpg","title":"66000","text":"<p>Happy families are tasting hot, puffed rotimatic rotis<\/p>"}},"a6f61676-507a-43c9-ba2c-96f320cf2fb9":{"type":"three_block","settings":{"image":"shopify:\/\/shop_images\/World_256x256_crop_center_1.jpg","title":"133","text":"<p>New rotis were made<br\/>in the last minute<\/p>"}},"a1fcabfa-d973-4eb6-a218-8392eaa73175":{"type":"three_block","settings":{"image":"shopify:\/\/shop_images\/Roti-Icon_256x256_crop_center_1.jpg","title":"119,432,187","text":"<p>Real-time data of Rotis served and counting<\/p>"}}},"block_order":["30c735f8-0804-4ac1-9abc-b13d24844d44","a6f61676-507a-43c9-ba2c-96f320cf2fb9","a1fcabfa-d973-4eb6-a218-8392eaa73175"],"settings":{}},"1625660010132795de":{"type":"feature-columns","blocks":{"1625660010132795de-0":{"type":"text_block","settings":{"enable_image":true,"image":"shopify:\/\/shop_images\/Load_11db72c0-91b5-428a-bc88-a35e7af593a7.jpg","title":"LOAD","text":"<p>fresh ingredients<\/p>","button_label":"","button_link":""}},"1625660010132795de-1":{"type":"text_block","settings":{"enable_image":true,"image":"shopify:\/\/shop_images\/Play.jpg","title":"PLAY","text":"<p>customised cooking<\/p>","button_label":"","button_link":""}},"1625660010132795de-2":{"type":"text_block","settings":{"enable_image":true,"image":"shopify:\/\/shop_images\/gifImg_1.png","gifImage":"shopify:\/\/shop_images\/puff_31c4e16b-9aae-49b9-b643-59f79098eda8_1.gif","title":"PUFF","text":"<p>hot & fresh rotis<\/p>","button_label":"","button_link":""}}},"block_order":["1625660010132795de-0","1625660010132795de-1","1625660010132795de-2"],"settings":{"onViewLoad":true,"loadAfter":5,"title":"The smarter way to roti","text":"<p>Rotimatic is the world's first fully integrated solution<br\/>that measures, mixes, kneads, flattens, cooks, puffs and, delights. All in one!<\/p>","align_text":"center"}},"1625663304c5fbcb20":{"type":"taste-endless","blocks":{"fa06f4de-9304-4f81-a37e-1cf77bcf7495":{"type":"roti_item","settings":{"item_image":"shopify:\/\/shop_images\/taste-item-1_256x256_crop_center_1.jpg"}},"ebd940d0-1526-494e-9c2c-ce31f49a5ee6":{"type":"roti_item","settings":{"item_image":"shopify:\/\/shop_images\/taste-item-2_256x256_crop_center_1.jpg"}},"2fc6e88b-00d7-4265-a208-6f1215b4bd8b":{"type":"roti_item","settings":{"item_image":"shopify:\/\/shop_images\/taste-item-3_256x256_crop_center_1.jpg"}},"d7f5ebdf-e56e-436b-9545-701dba1829c0":{"type":"roti_item","settings":{"item_image":"shopify:\/\/shop_images\/taste-item-4_256x256_crop_center_1.jpg"}}},"block_order":["fa06f4de-9304-4f81-a37e-1cf77bcf7495","ebd940d0-1526-494e-9c2c-ce31f49a5ee6","2fc6e88b-00d7-4265-a208-6f1215b4bd8b","d7f5ebdf-e56e-436b-9545-701dba1829c0"],"settings":{"onViewLoad":true,"loadAfter":7,"title":"Taste the endless possibilities","content":"<p>Unlimited new features at no additional cost<\/p>","image":"shopify:\/\/shop_images\/roti_4e4b032e-4bc3-4c1f-94dd-9cf9fea08a07_256x256_crop_center_1.png"}},"1625730826614cb20d":{"type":"be-boss","settings":{"onViewLoad":true,"loadAfter":5,"image":"shopify:\/\/shop_images\/be-the-boss_1.png","title":"Be the boss of what you eat!","text":"<p>Don’t leave your health in the hands of processed food, takeaways and restaurants.Take charge by knowing exactly what ingredients you are using, from flour to oil to water. Pick every last ingredient, so everything is fresh!<\/p>","button_label":"See Compatible Flour brands","button_link":"#"}},"162574284116a1ac40":{"type":"form-calculate","settings":{"title":"Light on your body… and on your wallet","text":"<p>Calculate how much you can save with Rotimatic by reducing processed rotis, eating out and takeaways. The price of Rotimatic includes unlimited new features via software updates.<\/p>"}},"1625747386ae627c83":{"type":"image-bar-hover","blocks":{"5ed17533-e8bf-4307-883b-9fc16309f545":{"type":"image_grid_item","settings":{"hover_image":"shopify:\/\/shop_images\/01_1_da7b481c-9f29-48de-b5a6-c0b6fbfe618f.png","grid_image":"shopify:\/\/shop_images\/IMG_fastfresh_1_76faac16-cd2e-4357-ac45-f0a8e07e69ca.png","icon_image":"shopify:\/\/shop_images\/Icons-freshroti_1.png","cta_label":"Fast & fresh","caption_text":"<p>Puffy rotis in a jiffy are a thing! Gone are the days when it took 40 minutes to prepare a simple meal.Now you can just tap a button and taste the magic<\/p>"}},"9d13d9ba-b69f-4eaa-a714-95ea5527069e":{"type":"image_grid_item","settings":{"hover_image":"shopify:\/\/shop_images\/02_1_f9932aa2-a74f-486c-b7b8-690b9e15328e.png","grid_image":"shopify:\/\/shop_images\/IMG_anycanroti_1_f885c63d-0a32-454e-981f-ee2d5a2ac99d.png","icon_image":"shopify:\/\/shop_images\/Icons-people_1.png","cta_label":"Anyone <br>can roti","caption_text":"<p>Did you know that everyone from kids to the visually-impaired are using Rotimatic to make thousands of rotis as we speak?That's how easy it is to use.<\/p>"}},"fc46e0f3-8e10-4651-843f-fb98f0bfc59f":{"type":"image_grid_item","settings":{"hover_image":"shopify:\/\/shop_images\/03_1_92dcb72d-6e59-4a22-bcfc-a882dfc3ec6e.png","grid_image":"shopify:\/\/shop_images\/IMG_uptodate_1_e4abe034-df72-428f-9337-e0dacc843b3d.png","icon_image":"shopify:\/\/shop_images\/Icons-food_1.png","cta_label":"Always up <br>to date","caption_text":"<p>Rotimatic never stops learning! It connects to the Cloud for new recipes, software updates and remote troubleshooting.It's like a new machine each time!<\/p>"}},"daf1b26c-e61c-45ac-8e20-212bc0a8b921":{"type":"image_grid_item","settings":{"hover_image":"shopify:\/\/shop_images\/04_1_8688e8ce-a541-4cd6-a569-6f85637ad9c4.png","grid_image":"shopify:\/\/shop_images\/IMG_lessmess_1_e36c27c6-ccf0-4e16-bcda-cecad14223ce.png","icon_image":"shopify:\/\/shop_images\/Icons-cloud_1.png","cta_label":"Less mess, <br>more food","caption_text":"<p>Think a chaotic Kitchen is an inevitable consequence of cooking? Think again! Rotimatic keeps your tabletop as clean as your eating habits.<\/p>"}}},"block_order":["5ed17533-e8bf-4307-883b-9fc16309f545","9d13d9ba-b69f-4eaa-a714-95ea5527069e","fc46e0f3-8e10-4651-843f-fb98f0bfc59f","daf1b26c-e61c-45ac-8e20-212bc0a8b921"],"settings":{"onViewLoad":true,"loadAfter":10}},"16257503330a5206dd":{"type":"recipes-slider","blocks":{"16257503330a5206dd-0":{"type":"recipes_item","settings":{"image":"shopify:\/\/shop_images\/circle-cropped_3_1_95e1b2e2-1488-42a4-87cf-0b916f9fe3cd.png","title":"Puri Ladoo","text":"<p>Make these impressive Ladoos from leftover Puris. Combine them with Jaggery, Ghee, spices and nut powders, which are good fats, to make it a healthy ladoo for kids.<\/p>","link":"\/pages\/recipes#puri-ladoo"}},"16257503330a5206dd-1":{"type":"recipes_item","settings":{"image":"shopify:\/\/shop_images\/Chaat-Puri_1.png","title":"Chaat Puri","text":"<p>A Medley of fried Puri’s, Potatoes, beans, sweet and spicy chutneys, yoghurt, raw onions, spices etc.<\/p>","link":"\/pages\/recipes#chaat-puri"}},"16257503330a5206dd-2":{"type":"recipes_item","settings":{"image":"shopify:\/\/shop_images\/circle-cropped_4_1_bd921cc0-1847-4f06-9c93-e68f1828caf2.png","title":"Puran Poli","text":"<p>Puran Poli is an Indian sweet flatbread, made differently across different states. It goes by different names like Vedmi, Holige, Obbattu, Poli etc<\/p>","link":"\/pages\/recipes#puran-poli"}},"943a6711-e190-4482-bdbe-f6e10965a9f4":{"type":"recipes_item","settings":{"image":"shopify:\/\/shop_images\/Egg-Roti-wrap_1.png","title":"Egg Roti wrap","text":"<p>Roti wrap with fresh veggie salad or  grilled meat and enjoy it with your favourite dip.<\/p>","link":"\/pages\/recipes#egg-roti-wrap"}},"d0334559-3e87-4ac3-ae56-f0d002cf0453":{"type":"recipes_item","settings":{"image":"shopify:\/\/shop_images\/circle-cropped_1_1_69e31130-74ee-4370-a128-406293ae770f.png","title":"Roti + Burger","text":"<p>Enjoy this creative Burger made from Rotis, with any stuffing you like to make it a wholesome meal.<\/p>","link":"\/pages\/recipes#roti-burger"}},"9430e687-9c60-4841-8258-96c2eb523c49":{"type":"recipes_item","settings":{"image":"shopify:\/\/shop_images\/Pumpkin-Pie_1.png","title":"Pumpkin Pie","text":"<p>A yummy dessert with coconut cream and pumpkin pie spices<\/p>","link":"\/pages\/recipes#pumpkin-pie-cups"}},"dab2920a-25fe-48be-aaa1-b76ea62b673f":{"type":"recipes_item","settings":{"image":"shopify:\/\/shop_images\/circle-cropped_1_a1cb39cc-d9c5-4c3a-ae60-4843c47c6050.png","title":"Samosa","text":"<p>Say “Samosa”, a triangular snack pops up in one’s mind and you are salivating. This popular snack has travelled from Egypt to Libya to Central Asia to India.<\/p>","link":"\/pages\/recipes#samosa"}}},"block_order":["16257503330a5206dd-0","16257503330a5206dd-1","16257503330a5206dd-2","943a6711-e190-4482-bdbe-f6e10965a9f4","d0334559-3e87-4ac3-ae56-f0d002cf0453","9430e687-9c60-4841-8258-96c2eb523c49","dab2920a-25fe-48be-aaa1-b76ea62b673f"],"settings":{"title":"Happiness is homemade","text":"<p>Rotimatic is designed to make any type of flatbread. It connects to the<br\/>internet and upgrades with features that add more variety to your table and parties.<\/p>","button_label":"See recipes","button_link":"shopify:\/\/pages\/recipes"}},"1625766273aabbab61":{"type":"gallery","blocks":{"6018efd5-01cd-4dc8-92eb-2ff637dbe965":{"type":"main_block","settings":{"image":"shopify:\/\/shop_images\/Roti.jpg","title":"Now anyone can roti!","text":"<p>Join the crowd! Check out what users have to say about the Rotimatic here.<\/p>","button_label":"Play Icon","button_link":"https:\/\/www.youtube.com\/embed\/ZUq9G_YtJLQ?autoplay=1","show_play_icon":true,"play_icon":"shopify:\/\/shop_images\/Play-Icon_1.png","button_popup":true}},"56460140-3aee-41de-a1e7-c3a5fd0233e0":{"type":"other_block","settings":{"other_image":"shopify:\/\/shop_images\/pc-logo.png","text":"<p>A potential game changer <br\/>for roti-loving households<\/p>","color":"#363636","link":"\/pages\/press"}},"610a439b-60be-4c42-bbc5-2f0a0e8dd151":{"type":"other_block","settings":{"other_image":"shopify:\/\/shop_images\/nbc-logo.png","text":"<p>Long wait, but Rotimatic’s <br\/>a hit with everyone.<\/p>","color":"#222222","link":"\/pages\/press"}},"79739ad1-4ad2-4f87-a3fc-f080e1613dd1":{"type":"other_block","settings":{"other_image":"shopify:\/\/shop_images\/wsj-logo.png","text":"<p>Best thing since sliced bread.<br\/> A roti making machine<\/p>","color":"#222222","link":"\/pages\/press"}},"2a497cb5-d45c-4d2d-a564-d29e6aec336c":{"type":"other_block","settings":{"other_image":"shopify:\/\/shop_images\/ztv-logo.png","text":"<p>8 years of stubborness to give <br\/>birth to their Roti making robot<\/p>","color":"#363636","link":"\/pages\/press"}}},"block_order":["6018efd5-01cd-4dc8-92eb-2ff637dbe965","56460140-3aee-41de-a1e7-c3a5fd0233e0","610a439b-60be-4c42-bbc5-2f0a0e8dd151","79739ad1-4ad2-4f87-a3fc-f080e1613dd1","2a497cb5-d45c-4d2d-a564-d29e6aec336c"],"settings":{"onViewLoad":true,"loadAfter":10}},"recipes_slider":{"type":"recipes_slider","settings":{}},"recipes_api":{"type":"recipes_api","settings":{}},"reviews_blocks":{"type":"reviews_blocks","blocks":{"e0f5eced-4aea-4847-afcc-2499274d2c77":{"type":"review","settings":{"reviewSnippet":"<div id=\"shopify-product-reviews\" data-id=\"6006117302426\">{{ product.metafields.spr.reviews }}<\/div>"}},"56885f0e-1b0d-4f7c-afbb-cfd55a892c0b":{"type":"sectionID","settings":{"sectionID":"161484569471dd3499"}}},"block_order":["e0f5eced-4aea-4847-afcc-2499274d2c77","56885f0e-1b0d-4f7c-afbb-cfd55a892c0b"],"settings":{"showHideSection":true}},"socialWall__sec":{"type":"socialWall__sec","blocks":{"50b2ca4f-be3d-46c1-81cd-2f93a8766d39":{"type":"socialItem","settings":{"img":"shopify:\/\/shop_images\/socialPost__01_1.png","postLink":""}}},"block_order":["50b2ca4f-be3d-46c1-81cd-2f93a8766d39"],"settings":{"bannerImg":"shopify:\/\/shop_images\/socialBannerWall_1.png","bannerText":"See what people are saying about Rotimatic","bgColor":"#fff6ef","desktopMargins":40,"mobileMargins":30}},"warranty_header":{"type":"warranty_header","settings":{}},"warranty_api_integration":{"type":"warranty_api_integration","settings":{}},"warranty_moreAbout_rotimatic":{"type":"warranty_moreAbout_rotimatic","settings":{}},"warranty_steps":{"type":"warranty_steps","settings":{}},"warranty_faqs":{"type":"warranty_faqs","blocks":{"c43f0882-597d-43bf-bd47-c33b5394c628":{"type":"q_n_a","settings":{"title":"How long is the Rotimatic warranty?","anwser":"<p>Every Rotimatic comes with 1-year base warranty. You can extend your base warranty coverage with RotimaticCare+ for another 1-year and continue enjoying your Rotimatic worry-free.<\/p>"}}},"block_order":["c43f0882-597d-43bf-bd47-c33b5394c628"],"settings":{"title":"FAQs"}},"press_slider":{"type":"press_slider","blocks":{"16b23fcd-2801-44a8-81b3-e74ea13db435":{"type":"Slide","settings":{"content":"Long wait, but Rotimatic's a hit with everyone","icon":"shopify:\/\/shop_images\/ezgif.com-gif-maker_633f40de-04d9-4e18-9802-547a61c37771_1.jpg"}}},"block_order":["16b23fcd-2801-44a8-81b3-e74ea13db435"],"settings":{"mainImage":"shopify:\/\/shop_images\/ezgif.com-gif-maker_1.jpg"}},"press_aboutRotimatic":{"type":"press_aboutRotimatic","blocks":{"6ef185a6-6f74-4afd-bc8e-920524c08cb2":{"type":"blockIs","settings":{"image":"shopify:\/\/shop_images\/ezgif.com-gif-maker_ddd4b713-554f-482c-b7f0-e594ab1e58df_1.png","iconWidth":100,"content":"Designed for today's working professionals who do not have the time and patience for rolling out fresh roti","link":"https:\/\/www.nbcnews.com\/news\/asian-america\/automatic-roti-maker-has-72-million-waiting-list-n413716"}}},"block_order":["6ef185a6-6f74-4afd-bc8e-920524c08cb2"],"settings":{"title":""}},"press_blog":{"type":"press_blog","blocks":{"3cba3e79-3002-4fd4-8222-c290b6a33a5b":{"type":"articles","settings":{"articleIs":""}},"93772e4a-9dd2-4112-a952-eb1f5de2ffb8":{"type":"articles","settings":{"articleIs":""}},"11637c93-f5aa-4e2f-993a-b817a2b74cc0":{"type":"articles","settings":{"articleIs":""}}},"block_order":["3cba3e79-3002-4fd4-8222-c290b6a33a5b","93772e4a-9dd2-4112-a952-eb1f5de2ffb8","11637c93-f5aa-4e2f-993a-b817a2b74cc0"],"settings":{"title":"What's new at Rotimatic Blog","readAllArticle":"","textLabel":"Read more articles","buyNowLink":"#","buyNowLable":"Buy Now"}},"Hero_careers":{"type":"Hero_careers","settings":{"image":"shopify:\/\/shop_images\/2018-01-02_-Zimplistic-Interior---_Day2_3720-LowRes_2_1.jpg","alignment":"center","hero_layout":"full_width","hero_size":"medium","text_size":"medium","title":"Straight talk. Good vibes.","text":"<p>With a bunch oh folks who care<\/p>","button_label":"See Job Openings","button_link":"#","button_popup":false}},"blog-slider":{"type":"blog-slider","settings":{"showHide_Slider":true,"blogIs":"recipes","howManyArticlesToDisplay":5,"linkLabel":"CONTINUE READING"}},"blog-articles":{"type":"blog-articles","settings":{"layout":"list","blog_show_author":true,"blog_show_date":true}},"shippingRates":{"type":"shippingRates","settings":{}},"product-template-roti":{"type":"product-template-roti","settings":{"show_quantity_selector":false,"show_variant_labels":true,"show_vendor":false,"enable_payment_button":false,"media_size":"medium","enable_image_zoom":false,"enable_video_looping":false}},"product-usp":{"type":"product-usp","blocks":{"cd9d353b-cb91-440f-b948-852b5af1dfd4":{"type":"product_usp","settings":{"image":"shopify:\/\/shop_images\/clock_1.png","text":"<p>Fresh rotis in <br\/>90 seconds<\/p>","terms":false,"terms_text":"<p>Return charges of *price* included<\/p>"}},"6a3663b8-ac9d-4dfd-b477-ef4397239a23":{"type":"product_usp","settings":{"image":"shopify:\/\/shop_images\/Content_1.png","text":"<p>Customize - thickness, <br\/>roast and oil level<\/p>","terms":false,"terms_text":"<p>Return charges of *price* included<\/p>"}},"bb4e1697-087c-477b-8f07-10112713020d":{"type":"product_usp","settings":{"image":"shopify:\/\/shop_images\/callendar_1.png","text":"<p>30-day money <br\/>back guarantee<\/p>","terms":true,"terms_text":"<p>Restocking fee of $199 USD will be applied for returns<\/p>"}},"f8334112-c292-4268-a3de-61cc72871031":{"type":"product_usp","settings":{"image":"shopify:\/\/shop_images\/update_1.png","text":"<p>Unlimited software <br\/>upgrades<\/p>","terms":false,"terms_text":"<p>Return charges of *price* included<\/p>"}},"4ca6ef88-32b7-434c-a7c1-1179c3cf28ed":{"type":"product_usp","settings":{"image":"shopify:\/\/shop_images\/roti_1.png","text":"<p>Make Puris, Pizzas <br\/>and much more<\/p>","terms":false,"terms_text":"<p>Return charges of *price* included<\/p>"}},"debc214b-c6cd-486d-9bd6-33f9869c016f":{"type":"product_usp","settings":{"image":"shopify:\/\/shop_images\/Csupport_1.png","text":"<p>Always online <br\/>24\/7 support<\/p>","terms":false,"terms_text":"<p>Return charges of *price* included<\/p>"}}},"block_order":["cd9d353b-cb91-440f-b948-852b5af1dfd4","6a3663b8-ac9d-4dfd-b477-ef4397239a23","bb4e1697-087c-477b-8f07-10112713020d","f8334112-c292-4268-a3de-61cc72871031","4ca6ef88-32b7-434c-a7c1-1179c3cf28ed","debc214b-c6cd-486d-9bd6-33f9869c016f"],"settings":{"title":"One Rotimatic. Endlgess Possibilities."}},"product-specifications":{"type":"product-specifications","blocks":{"410238dc-5860-453c-89e5-f4aeb36478f2":{"type":"product_specifications","settings":{"image":"shopify:\/\/shop_images\/icon_frequency_1.png","title":"Frequency","text":"<p>50\/60 Hz<\/p>","see_all_flours":false}},"a5c07af7-cbc3-4ae8-a905-3ff1fd10bee5":{"type":"product_specifications","settings":{"image":"shopify:\/\/shop_images\/icon_voltagea_1.png","title":"Voltage","text":"<p>110V (Canada, USA) 220V (Singapore, UK, Australia, Singapore, Hong Kong, Europe and Middle East)<\/p>","see_all_flours":false}},"1ca0842e-dbfb-489c-9ff3-d38862e4d33d":{"type":"product_specifications","settings":{"image":"shopify:\/\/shop_images\/icon_dimension_1.png","title":"Dimensions","text":"<p>40cm(W) x 40cm(D) x 33cm(H)<\/p>","see_all_flours":false}},"d3d0e3dd-c9b4-41ef-93a6-9419c9978ec3":{"type":"product_specifications","settings":{"image":"shopify:\/\/shop_images\/icon_warranty_1.png","title":"Warranty","text":"<p>1st year free<\/p>","see_all_flours":false}},"7f6326b0-8e35-4290-ad34-b39de8a894b2":{"type":"product_specifications","settings":{"image":"shopify:\/\/shop_images\/icon_phone_1.png","title":"Rotimatic App","text":"<p>iOS, Android<\/p>","see_all_flours":false}},"71acb82f-d8b2-481a-905a-145289a4a334":{"type":"product_specifications","settings":{"image":"shopify:\/\/shop_images\/icon_power_1.png","title":"Power","text":"<p>1.6 – 1.8 kW<\/p>","see_all_flours":false}},"432f7d18-4527-4166-979b-59e3764b062d":{"type":"product_specifications","settings":{"image":"shopify:\/\/shop_images\/icon_weight_1.png","title":"Weight","text":"<p>20 Kgs \/ 44 Lbs<\/p>","see_all_flours":false}},"6dc684c8-3c19-47f5-9346-710db8247026":{"type":"product_specifications","settings":{"image":"shopify:\/\/shop_images\/icon_flour_1.png","title":"Supported Flour","text":"<p>Variants of Sujata, Aashirwad, Pilsbury flour<\/p>","see_all_flours":true}}},"block_order":["410238dc-5860-453c-89e5-f4aeb36478f2","a5c07af7-cbc3-4ae8-a905-3ff1fd10bee5","1ca0842e-dbfb-489c-9ff3-d38862e4d33d","d3d0e3dd-c9b4-41ef-93a6-9419c9978ec3","7f6326b0-8e35-4290-ad34-b39de8a894b2","71acb82f-d8b2-481a-905a-145289a4a334","432f7d18-4527-4166-979b-59e3764b062d","6dc684c8-3c19-47f5-9346-710db8247026"],"settings":{"title":"Specifications"}},"product-rotimatic":{"type":"product-rotimatic","blocks":{"65c5484d-7da0-4e38-ba22-30f665a86f89":{"type":"product_rotimatic","settings":{"image":"shopify:\/\/shop_images\/Kneading-kit_1.png","title":"Rotimatic"}}},"block_order":["65c5484d-7da0-4e38-ba22-30f665a86f89"],"settings":{"title":"Every Rotimatic comes complete with"}},"product-here-for-you":{"type":"product-here-for-you","blocks":{"0d66e1ee-a794-4d3a-b807-fba6634cb5b6":{"type":"here_blocks","settings":{"image":"shopify:\/\/shop_images\/Remote-trouleshooting_1.png","title":"Remote troubleshooting","text":"<p>Wifi connectivity allows swift troubleshooting of software issues via Cloud by experts, almost instantly, at the comfort of your home.<\/p>"}},"50b13705-46b2-4681-99fe-3ff70a2997af":{"type":"here_blocks","settings":{"image":"shopify:\/\/shop_images\/Service-at-your-door-step_1.png","title":"Service at your door step","text":"<p>Free pickup and delivery. Never an extra dollar for shipping, labour or any advanced support.<\/p>"}}},"block_order":["0d66e1ee-a794-4d3a-b807-fba6634cb5b6","50b13705-46b2-4681-99fe-3ff70a2997af"],"settings":{"image":"shopify:\/\/shop_images\/We-are-here-for-you_1.png","title":"We are here for you","text":"<p>Get 24\/7 access to our tech support experts via Live chat on the Rotimatic App or speak to our experts with a call back request.<\/p>"}},"product-reviews":{"type":"product-reviews","settings":{"title":"Here’s what Rotimatic owners have to share","button_label":"","button_link":""}},"faq":{"type":"faq","blocks":{"53983675-3653-4466-bca4-67ea31461b9c":{"type":"category","settings":{"category-title":"FAQs"}},"696e77d7-e257-4ebe-912a-4737f3bb6463":{"type":"question","settings":{"question":"What is the price of Rotimatic?","anwser":"<p>The retail base price of Rotimatic is USD 1299, or it’s equivalent in your local currency excluding any applicable taxes which may\/may not be a part of the price quoted. Shipping and delivery charges are exclusive and may vary depending upon your country location. Scroll to the <a href=\"#MainContent\" title=\"#MainContent\">top of this page<\/a> for detailed pricing, discounts, and offers. You can also check express delivery options.<\/p>"}},"d61864ea-3553-4f1c-84d4-0b08e6365270":{"type":"question","settings":{"question":"Who is using it right now?","anwser":"<p>Thousands of proud owners make a million rotis with Rotimatic everyday! <br\/>Health-conscious homes, fussy kids, time-starved couples, foodies, techies, roti-lovers, progressive families and many more. From time to health to convenience to wonder, everyone loves Rotimatic for a different reason. Take a look <a href=\"\/pages\/reviews\" title=\"\/pages\/reviews\">here<\/a><\/p>"}}},"block_order":["53983675-3653-4466-bca4-67ea31461b9c","696e77d7-e257-4ebe-912a-4737f3bb6463","d61864ea-3553-4f1c-84d4-0b08e6365270"],"settings":{}},"product-recommendations":{"type":"product-recommendations","settings":{"show_product_recommendations":true,"heading":"You may also like","show_vendor":false}}},"content_for_index":["hero-1","1625650414e43a285d","1625660010132795de","1625663304c5fbcb20","1625730826614cb20d","162574284116a1ac40","1625747386ae627c83","16257503330a5206dd","1625766273aabbab61"]},"presets":{"Default":{"sections":{"header":{"type":"header","settings":{}},"hero-1":{"type":"hero","settings":{"hero_size":"large","text_size":"large"}},"feature-row":{"type":"feature-row","settings":{}},"feature-columns":{"type":"feature-columns","blocks":{"feature-columns-0":{"type":"text_block","settings":{}},"feature-columns-1":{"type":"text_block","settings":{}},"feature-columns-2":{"type":"text_block","settings":{}}},"block_order":["feature-columns-0","feature-columns-1","feature-columns-2"],"settings":{"title":""}},"collection":{"type":"collection","settings":{"grid":4}},"hero-2":{"type":"hero","settings":{"text_size":"large"}},"quotes":{"type":"quotes","blocks":{"quotes-0":{"type":"quote","settings":{}},"quotes-1":{"type":"quote","settings":{}},"quotes-2":{"type":"quote","settings":{}}},"block_order":["quotes-0","quotes-1","quotes-2"],"settings":{"title":""}},"image-bar":{"type":"image-bar","blocks":{"image-bar-0":{"type":"image","settings":{}},"image-bar-1":{"type":"image","settings":{}},"image-bar-2":{"type":"image","settings":{}}},"block_order":["image-bar-0","image-bar-1","image-bar-2"],"settings":{}},"footer":{"type":"footer","blocks":{"footer-0":{"type":"link_list","settings":{}},"footer-1":{"type":"newsletter","settings":{}}},"block_order":["footer-0","footer-1"],"settings":{"show_payment_icons":true}}},"content_for_index":["hero-1","feature-row","feature-columns","collection","hero-2","quotes","image-bar"]},"Light":{"color_text":"#162950","color_body_text":"#6d6d6d","color_sale_text":"#DA2F0C","color_borders":"#e4e4e4","color_button":"#DA2F0C","color_button_text":"#ffffff","color_small_button_text_border":"#162950","color_text_field":"#ffffff","color_text_field_text":"#162950","color_text_field_border":"#909090","color_image_overlay_text":"#ffffff","color_image_overlay":"#3d3d3d","image_overlay_opacity":40,"color_body_bg":"#f8f8f8","type_header_font":"muli_n6","type_header_base_size":26,"type_base_font":"muli_n4","type_base_size":18,"share_facebook":true,"share_twitter":true,"share_pinterest":true,"social_twitter_link":"","social_facebook_link":"","social_pinterest_link":"","social_instagram_link":"","social_tumblr_link":"","social_snapchat_link":"","social_youtube_link":"","social_vimeo_link":"","favicon":"","checkout_header_image":"","checkout_logo_image":"","checkout_logo_position":"left","checkout_logo_size":"small","checkout_body_background_image":"","checkout_body_background_color":"#ffffff","checkout_input_background_color_mode":"white","checkout_sidebar_background_image":"","checkout_sidebar_background_color":"#e8f3f6","checkout_heading_font":"Roboto","checkout_body_font":"Source Sans Pro","checkout_accent_color":"#1990c6","checkout_button_color":"#23314e","checkout_error_color":"#ff6d6d","sections":{"header":{"type":"header","settings":{"align_logo":"left","logo":"","logo_max_width":135,"main_linklist":"main-menu","message":true,"color_bg":"#162950","color_text":"#ffffff"}},"hero":{"type":"hero","settings":{"alignment":"center","hero_size":"x-large","text_size":"large"}},"slideshow":{"type":"slideshow","blocks":{"slideshow-0":{"type":"image","settings":{"image":"","alignment":"center center"}},"1492095993817":{"type":"image","settings":{"image":"","alignment":"center"}}},"block_order":["slideshow-0","1492095993817"],"settings":{"slideshow_height":"medium","text_size":"medium","autorotate":false,"autorotate_speed":5}},"featured-collections":{"type":"collection","settings":{"grid":3,"rows":1,"show_vendor":true,"show_view_all":true}},"product-template":{"type":"product-template","settings":{"show_quantity_selector":false,"show_vendor":false,"show_share_buttons":true,"media_size":"medium","enable_image_zoom":true,"enable_video_looping":false}},"collection-template":{"type":"collection-template","settings":{"layout":"grid","grid":2,"rows":2,"show_collection_image":true,"show_vendor":false,"sort_enable":true,"tags_enable":true}},"1492033809691":{"type":"map","settings":{}},"1492033877875":{"type":"quotes","blocks":{"1492033877875-0":{"type":"quote","settings":{}}},"block_order":["1492033877875-0"],"settings":{}},"1492033924902":{"type":"custom-content","blocks":{"1492033924902-0":{"type":"text","settings":{"width":"100%","alignment":"center","align_text":"center"}}},"block_order":["1492033924902-0"],"settings":{"title":""}},"1492096252560":{"type":"collection-list","blocks":{"1492096252560-0":{"type":"featured_collection","settings":{}},"1492096252560-1":{"type":"featured_collection","settings":{}},"1492096252560-2":{"type":"featured_collection","settings":{}}},"block_order":["1492096252560-0","1492096252560-1","1492096252560-2"],"settings":{"grid":3}},"blog-template":{"type":"blog-template","settings":{"layout":"grid","blog_show_author":true,"blog_show_date":false}},"article-template":{"type":"article-template","settings":{"blog_show_author":true,"blog_show_date":true,"show_share_buttons":true}},"cart-template":{"type":"cart-template","settings":{"cart_notes_enable":false}},"footer":{"type":"footer","blocks":{"link_list":{"type":"link_list","settings":{}},"text":{"type":"text","settings":{}},"newsletter":{"type":"newsletter","settings":{}}},"block_order":["link_list","text","newsletter"],"settings":{"color_footer_bg":"#f8f8f8","color_footer_text":"#6d6d6d"}}},"content_for_index":["hero","featured-collections","slideshow","1492033924902","1492096252560","1492033877875","1492033809691"]}}}